Date,Symbol,Series,Prev Close,Open,High,Low,Last,Close,VWAP,Volume,Turnover,Trades,Deliverable Volume,%Deliverble
3/25/2004,UTIBANK,EQ,126.9,127.65,133,127.65,133,130.4,130.03,104288,1.35601E+12,,,
3/26/2004,UTIBANK,EQ,130.4,133.5,139.2,131.65,137,137.8,135.41,213474,2.8906E+12,,,
3/29/2004,UTIBANK,EQ,137.8,138.85,146.7,138.85,144.3,143.7,143.72,364459,5.23803E+12,,,
3/30/2004,UTIBANK,EQ,143.7,145,147.8,141,142.5,142.35,145.4,180568,2.62545E+12,,,
3/31/2004,UTIBANK,EQ,142.35,143.4,153.2,141.6,148.35,148.65,149.04,669338,9.97595E+12,,,
4/1/2004,UTIBANK,EQ,148.65,149,158,148.5,157.6,156.95,154.41,653946,1.00977E+13,,,
4/2/2004,UTIBANK,EQ,156.95,158,167.4,157,166.2,165.95,162.83,903556,1.47126E+13,,,
4/5/2004,UTIBANK,EQ,165.95,167,170.55,165.35,169,166.95,168.59,473237,7.97845E+12,,,
4/6/2004,UTIBANK,EQ,166.95,169,170,161,163,164,164.1,436875,7.16917E+12,,,
4/7/2004,UTIBANK,EQ,164,165,165.75,161.25,161.35,162.15,162.74,152076,2.47489E+12,,,
4/8/2004,UTIBANK,EQ,162.15,162,164,156.05,158,158.55,159.19,273597,4.3553E+12,,,
4/12/2004,UTIBANK,EQ,158.55,158,161.8,156,159.6,159.15,159.64,184586,2.94669E+12,,,
4/13/2004,UTIBANK,EQ,159.15,156,167.4,156,162.5,163.75,161.99,184031,2.98119E+12,,,
4/15/2004,UTIBANK,EQ,163.75,164.1,166.65,159,160.75,160.95,162.89,203253,3.31088E+12,,,
4/16/2004,UTIBANK,EQ,160.95,160,165.9,160,164.5,164.5,162.96,205065,3.34175E+12,,,
4/17/2004,UTIBANK,EQ,164.5,166,166,157.1,162.2,162.3,162.31,62132,1.00848E+12,,,
4/19/2004,UTIBANK,EQ,162.3,163,164.9,158.4,162.65,163,162.74,690067,1.12304E+13,,,
4/20/2004,UTIBANK,EQ,163,164,164,157.05,157.05,158.8,160.05,124954,1.99985E+12,,,
4/21/2004,UTIBANK,EQ,158.8,159.7,164,158.8,163.65,163.05,161.78,185705,3.00439E+12,,,
4/22/2004,UTIBANK,EQ,163.05,163.9,168.3,162,162.5,163.3,165.14,140867,2.32632E+12,,,
4/23/2004,UTIBANK,EQ,163.3,164.5,167.85,163.2,165.5,164.7,165.53,182058,3.01353E+12,,,
4/27/2004,UTIBANK,EQ,164.7,160,162,150.05,155.5,155.15,157.59,196382,3.09474E+12,,,
4/28/2004,UTIBANK,EQ,155.15,155.5,156.8,150.15,154.15,153.65,152.85,185656,2.83783E+12,,,
4/29/2004,UTIBANK,EQ,153.65,156.8,163,155,159.25,159.85,160.15,169683,2.71742E+12,,,
4/30/2004,UTIBANK,EQ,159.85,162,164.95,152.5,156,156.05,160.67,177191,2.8469E+12,,,
5/3/2004,UTIBANK,EQ,156.05,156,156,148.25,150.95,150.95,150.67,86958,1.31018E+12,,,
5/4/2004,UTIBANK,EQ,150.95,152.85,156.75,152.85,156.25,155.5,155.11,62081,9.6293E+11,,,
5/5/2004,UTIBANK,EQ,155.5,156,158,152.5,153,153.7,155.33,53682,8.3385E+11,,,
5/6/2004,UTIBANK,EQ,153.7,154.15,157.5,152,157.5,156.05,155.42,128522,1.99746E+12,,,
5/7/2004,UTIBANK,EQ,156.05,154,154.45,149.3,150.05,150.25,150.7,206384,3.11022E+12,,,
5/10/2004,UTIBANK,EQ,150.25,142,149.95,142,148,145.8,145.72,124734,1.8176E+12,,,
5/11/2004,UTIBANK,EQ,145.8,142.25,146,137.5,139,138.6,139.78,145376,2.032E+12,,,
5/12/2004,UTIBANK,EQ,138.6,137,151.55,136.25,142,143.55,144.05,200502,2.88813E+12,,,
5/13/2004,UTIBANK,EQ,143.55,139.5,147.5,131.5,147.5,145.2,141.38,170609,2.41207E+12,,,
5/14/2004,UTIBANK,EQ,145.2,150,150,129.15,129.25,131.35,133.66,278344,3.72025E+12,,,
5/17/2004,UTIBANK,EQ,131.35,128,128,105.1,105.5,105.65,106.58,183687,1.95764E+12,,,
5/18/2004,UTIBANK,EQ,105.65,105.05,125,105.05,120.25,122.05,119.58,127820,1.52853E+12,,,
5/19/2004,UTIBANK,EQ,122.05,130,137.5,128.3,131.55,132.5,131.9,184396,2.4321E+12,,,
5/20/2004,UTIBANK,EQ,132.5,139.8,154.9,115.25,131.25,132.45,134.09,176010,2.36012E+12,,,
5/21/2004,UTIBANK,EQ,132.45,132.9,132.9,120.15,124,124.6,124.22,159431,1.98047E+12,,,
5/24/2004,UTIBANK,EQ,124.6,120,148,116.5,128.5,129.85,130.48,114497,1.49394E+12,,,
5/25/2004,UTIBANK,EQ,129.85,124,131.5,123.9,125.6,125.35,125.97,64752,8.15694E+11,,,
5/26/2004,UTIBANK,EQ,125.35,127.85,129.5,123.7,124.75,124.45,126.63,79253,1.0036E+12,,,
5/27/2004,UTIBANK,EQ,124.45,128,134.2,126,126.4,126.55,128.57,283320,3.64274E+12,,,
5/28/2004,UTIBANK,EQ,126.55,124.4,128.4,117.55,118.15,118.55,120.38,266734,3.21102E+12,,,
5/31/2004,UTIBANK,EQ,118.55,117,117,105.9,108.5,107.65,109.48,160369,1.75565E+12,,,
6/1/2004,UTIBANK,EQ,107.65,109.8,114.2,106.05,106.35,106.55,109.68,108620,1.19133E+12,,,
6/2/2004,UTIBANK,EQ,106.55,109.75,112,107.5,111,110.45,109.57,126061,1.38125E+12,,,
6/3/2004,UTIBANK,EQ,110.45,114.95,116,110,110.15,111.2,113.74,238467,2.71233E+12,,,
6/4/2004,UTIBANK,EQ,111.2,109.95,112,108,110.35,110.7,109.71,139924,1.53511E+12,,,
6/7/2004,UTIBANK,EQ,110.7,114.8,116.5,113,116.5,115.4,114.57,169543,1.9424E+12,,,
6/8/2004,UTIBANK,EQ,115.4,116.5,122,115.05,120.75,120.15,117.71,213452,2.51258E+12,,,
6/9/2004,UTIBANK,EQ,120.15,118,122,118,120,119.95,120.48,157431,1.89676E+12,,,
6/10/2004,UTIBANK,EQ,119.95,121.9,124.8,119.95,120.4,121.45,122.16,152948,1.86848E+12,,,
6/11/2004,UTIBANK,EQ,121.45,121,124,113.05,114,115.4,119.23,187719,2.23819E+12,,,
6/14/2004,UTIBANK,EQ,115.4,112.5,116.45,112.5,115.5,115.2,115.03,122532,1.4095E+12,,,
6/15/2004,UTIBANK,EQ,115.2,129.8,129.8,113.65,114.55,115,115.95,44690,5.18196E+11,,,
6/16/2004,UTIBANK,EQ,115,117.95,117.95,115,115.25,115.2,116,68374,7.93167E+11,,,
6/17/2004,UTIBANK,EQ,115.2,115.15,116.5,113.05,116,115.95,114.8,53167,6.10334E+11,,,
6/18/2004,UTIBANK,EQ,115.95,115.95,121.65,115.1,119.75,118.75,118.88,158873,1.88863E+12,,,
6/21/2004,UTIBANK,EQ,118.75,118.9,125.5,117,125,124.6,122.36,252799,3.09324E+12,,,
6/22/2004,UTIBANK,EQ,124.6,124.6,129,118.1,119,120.05,123.23,284311,3.50348E+12,,,
6/23/2004,UTIBANK,EQ,120.05,118.85,121.8,115.2,115.5,116.5,118.48,72072,8.53935E+11,,,
6/24/2004,UTIBANK,EQ,116.5,117,117,114.15,115.05,115.35,115.3,47985,5.53265E+11,,,
6/25/2004,UTIBANK,EQ,115.35,116.8,120.4,116.35,119.8,119.1,118.58,65116,7.72139E+11,,,
6/28/2004,UTIBANK,EQ,119.1,120.45,125,120.05,124.9,123.95,122.59,92142,1.12958E+12,,,
6/29/2004,UTIBANK,EQ,123.95,123.75,128,122.6,126,126.65,126.09,164780,2.07774E+12,,,
6/30/2004,UTIBANK,EQ,126.65,126,135,124.25,131,129.85,127.3,142163,1.80967E+12,,,
7/1/2004,UTIBANK,EQ,129.85,130.1,131,128.3,129.1,129.9,129.64,96263,1.24797E+12,,,
7/2/2004,UTIBANK,EQ,129.9,128.5,131.9,128.5,129,129.4,129.75,102102,1.32477E+12,,,
7/5/2004,UTIBANK,EQ,129.4,123.9,130,107.25,129,126.5,121.3,701849,8.51335E+12,,,
7/6/2004,UTIBANK,EQ,126.5,126.9,127,122.6,126.8,126.35,125.03,198134,2.47727E+12,,,
7/7/2004,UTIBANK,EQ,126.35,127.1,132,122.25,122.25,123.9,127.19,94779,1.20553E+12,,,
7/8/2004,UTIBANK,EQ,123.9,124,127.8,117,117.95,118.75,122.78,116183,1.42655E+12,,,
7/9/2004,UTIBANK,EQ,118.75,112.5,122.45,112.5,121.05,121.4,121,61902,7.49012E+11,,,
7/12/2004,UTIBANK,EQ,121.4,116.1,123.9,116.1,120.5,120.45,121.19,50610,6.13365E+11,,,
7/13/2004,UTIBANK,EQ,120.45,119,123.95,118.5,120.9,121,120.66,57208,6.90272E+11,,,
7/14/2004,UTIBANK,EQ,121,123.5,130.3,123.5,124.95,125.2,126.66,546589,6.92336E+12,,,
7/15/2004,UTIBANK,EQ,125.2,127,129.95,126.5,128.5,128.65,128.34,259520,3.33068E+12,,,
7/16/2004,UTIBANK,EQ,128.65,129.7,130.5,128.25,129.75,129.55,129.86,135309,1.75714E+12,,,
7/19/2004,UTIBANK,EQ,129.55,132.7,132.7,129,129.25,129.65,129.94,150211,1.9518E+12,,,
7/20/2004,UTIBANK,EQ,129.65,117.95,130.55,117.95,130,130,129.96,200618,2.60726E+12,,,
7/21/2004,UTIBANK,EQ,130,131,131,111.6,128.45,128.3,128.72,90187,1.16085E+12,,,
7/22/2004,UTIBANK,EQ,128.3,130.9,131,128.5,129.5,129.4,129.84,68005,8.83011E+11,,,
7/23/2004,UTIBANK,EQ,129.4,130.75,130.75,127,129,128.8,129.29,79250,1.02465E+12,,,
7/26/2004,UTIBANK,EQ,128.8,120.15,129.9,120.15,129.9,129.4,127.96,58016,7.42371E+11,,,
7/27/2004,UTIBANK,EQ,129.4,129,129.7,127.1,128.5,127.95,128.6,29249,3.76138E+11,,,
7/28/2004,UTIBANK,EQ,127.95,128,130.45,127.05,128,127.8,128.64,102424,1.31757E+12,,,
7/29/2004,UTIBANK,EQ,127.8,130,130,126.8,127.3,128.2,128.43,23120,2.96925E+11,,,
7/30/2004,UTIBANK,EQ,128.2,129.45,129.7,127.3,127.9,128,128.67,52291,6.72833E+11,,,
8/2/2004,UTIBANK,EQ,128,127,128.85,125,125.75,125.65,126.16,45229,5.7061E+11,,,
8/3/2004,UTIBANK,EQ,125.65,126.6,127.5,125.25,127.5,127.05,126.67,33610,4.25753E+11,,,
8/4/2004,UTIBANK,EQ,127.05,127.4,127.4,124.15,125.05,125.2,125.58,49783,6.25162E+11,,,
8/5/2004,UTIBANK,EQ,125.2,122.25,126.6,122.25,125.4,124.85,125.13,50883,6.36706E+11,,,
8/6/2004,UTIBANK,EQ,124.85,126.5,129.8,125.15,127.5,126.65,127.45,77722,9.90559E+11,,,
8/9/2004,UTIBANK,EQ,126.65,127.25,129.6,126,126,126.6,127.44,34321,4.37404E+11,,,
8/10/2004,UTIBANK,EQ,126.6,127.95,127.95,125,126,125.65,126.26,33440,4.22229E+11,,,
8/11/2004,UTIBANK,EQ,125.65,127.4,127.9,124.95,127.9,126.8,126.42,103176,1.30433E+12,,,
8/12/2004,UTIBANK,EQ,126.8,122.8,126.45,121.05,124,123.45,123.66,76024,9.40131E+11,,,
8/13/2004,UTIBANK,EQ,123.45,124,125.5,120.5,122.95,121.85,122.68,47352,5.8091E+11,,,
8/16/2004,UTIBANK,EQ,121.85,123.9,123.9,119,119,119.9,121.75,117371,1.42899E+12,,,
8/17/2004,UTIBANK,EQ,119.9,121,121.5,119,119.6,119.85,120.11,144291,1.73311E+12,,,
8/18/2004,UTIBANK,EQ,119.85,121,121,114.1,116.5,116.15,118.07,87345,1.03131E+12,,,
8/19/2004,UTIBANK,EQ,116.15,117.65,119.5,115.8,116.3,116.8,116.82,86637,1.01208E+12,,,
8/20/2004,UTIBANK,EQ,116.8,117.85,117.85,115,116,115.75,115.97,53982,6.26009E+11,,,
8/23/2004,UTIBANK,EQ,115.75,114,115,109.5,110,110.05,111.15,78608,8.73755E+11,,,
8/24/2004,UTIBANK,EQ,110.05,110.5,112.9,109.25,112.35,112.5,111.6,102772,1.14697E+12,,,
8/25/2004,UTIBANK,EQ,112.5,113.65,113.65,110.5,110.95,110.85,111.59,74765,8.34318E+11,,,
8/26/2004,UTIBANK,EQ,110.85,119,119,110,111.5,111.2,111.72,114141,1.27513E+12,,,
8/27/2004,UTIBANK,EQ,111.2,113.5,115.25,112.5,114.5,114.2,114.13,115585,1.31917E+12,,,
8/30/2004,UTIBANK,EQ,114.2,115,120,115,119,118.35,117.19,81212,9.51744E+11,,,
8/31/2004,UTIBANK,EQ,118.35,119.9,120.8,116.85,119.4,118.8,118.64,63808,7.57013E+11,,,
9/1/2004,UTIBANK,EQ,118.8,120.9,121.6,119,120,120,119.81,45028,5.39462E+11,,,
9/2/2004,UTIBANK,EQ,120,121,124.45,121,123.95,123.65,123.35,113790,1.40361E+12,,,
9/3/2004,UTIBANK,EQ,123.65,128,129.8,124,125,125.05,126.47,198281,2.5076E+12,,,
9/6/2004,UTIBANK,EQ,125.05,128.45,128.45,123.5,124,124.7,125.45,224524,2.8166E+12,,,
9/7/2004,UTIBANK,EQ,124.7,124,125.25,122.5,123.05,123.35,123.9,93356,1.15671E+12,,,
9/8/2004,UTIBANK,EQ,123.35,122,125.4,122,123.4,123,124.16,190336,2.36323E+12,,,
9/9/2004,UTIBANK,EQ,123,126.5,126.5,120.05,120.05,120.95,122.62,141334,1.73303E+12,,,
9/10/2004,UTIBANK,EQ,120.95,122.95,122.95,119.1,119.65,119.7,120.71,165087,1.9927E+12,,,
9/13/2004,UTIBANK,EQ,119.7,121,121,118.3,120.05,120.15,119.61,89061,1.06527E+12,,,
9/14/2004,UTIBANK,EQ,120.15,120.95,140.4,120.95,135.75,136.4,131.75,1281354,1.68816E+13,,,
9/15/2004,UTIBANK,EQ,136.4,137,138,129.25,130,130,131.86,384996,5.07665E+12,,,
9/16/2004,UTIBANK,EQ,130,130,130.35,127.6,129.9,129.1,128.88,115100,1.48339E+12,,,
9/17/2004,UTIBANK,EQ,129.1,130.9,133.45,129.4,131.95,131.75,131.84,153322,2.02136E+12,,,
9/20/2004,UTIBANK,EQ,131.75,132.8,133.7,129,129.45,129.2,130.44,99126,1.29304E+12,,,
9/21/2004,UTIBANK,EQ,129.2,130,130,127.5,128.4,128.15,128.8,94540,1.21763E+12,,,
9/22/2004,UTIBANK,EQ,128.15,130,132.5,128.5,130.75,130.45,130.39,175942,2.29408E+12,,,
9/23/2004,UTIBANK,EQ,130.45,131,134.75,128.55,129.55,129.45,131.65,176609,2.32507E+12,,,
9/24/2004,UTIBANK,EQ,129.45,131,131,128,128.6,128.35,129.05,65982,8.51511E+11,,,
9/27/2004,UTIBANK,EQ,128.35,130.4,130.4,128.25,129.25,128.85,129.17,62129,8.02544E+11,,,
9/28/2004,UTIBANK,EQ,128.85,129.9,130,127,127.55,127.65,128.18,85517,1.09612E+12,,,
9/29/2004,UTIBANK,EQ,127.65,130,130,126.5,127,126.95,128.22,77694,9.96165E+11,,,
9/30/2004,UTIBANK,EQ,126.95,129,130.3,127.05,129.45,129.65,129.42,117748,1.52386E+12,,,
10/1/2004,UTIBANK,EQ,129.65,129.45,132.7,128.55,132,131.95,130.82,137070,1.79308E+12,,,
10/4/2004,UTIBANK,EQ,131.95,132.95,137.25,131.1,132.85,133.2,134.91,347136,4.68306E+12,,,
10/5/2004,UTIBANK,EQ,133.2,133.25,139.6,132,138.85,138.2,135.22,224445,3.03504E+12,,,
10/6/2004,UTIBANK,EQ,138.2,140,145,139,144.5,143.45,142.7,458088,6.53704E+12,,,
10/7/2004,UTIBANK,EQ,143.45,144,147,143.8,147,146.1,145.41,180789,2.62885E+12,,,
10/8/2004,UTIBANK,EQ,146.1,147,159.9,146,156,156.1,154.47,820704,1.26773E+13,,,
10/9/2004,UTIBANK,EQ,156.1,157.4,162,154.95,159,159.2,158.64,257297,4.08173E+12,,,
10/11/2004,UTIBANK,EQ,159.2,160.5,165.55,155,158.4,157.3,159.98,535286,8.56326E+12,,,
10/12/2004,UTIBANK,EQ,157.3,165,165,150.05,151,150.95,153.96,208893,3.21613E+12,,,
10/14/2004,UTIBANK,EQ,150.95,152.05,154,144.55,147.5,147,147.64,776214,1.14598E+13,,,
10/15/2004,UTIBANK,EQ,147,145,159.9,140.15,151.6,152.1,152.22,766829,1.16729E+13,,,
10/18/2004,UTIBANK,EQ,152.1,153.75,169,152.5,153.65,154.55,155.09,375225,5.81933E+12,,,
10/19/2004,UTIBANK,EQ,154.55,147.5,154.4,147.5,153.8,152.95,152.16,175207,2.66589E+12,,,
10/20/2004,UTIBANK,EQ,152.95,154,154.75,149.95,152.85,151.6,153,130616,1.99844E+12,,,
10/21/2004,UTIBANK,EQ,151.6,152,154,150.1,154,153.1,152.27,135066,2.0567E+12,,,
10/25/2004,UTIBANK,EQ,153.1,155,155,144.5,144.5,145.5,147.4,80815,1.19122E+12,,,
10/26/2004,UTIBANK,EQ,145.5,146,148.5,140,141,140.75,143.89,169114,2.43331E+12,,,
10/27/2004,UTIBANK,EQ,140.75,143,145.4,142.8,145,144.6,144.21,97166,1.40123E+12,,,
10/28/2004,UTIBANK,EQ,144.6,146.7,146.7,142.1,143,143.05,144.05,39957,5.75595E+11,,,
10/29/2004,UTIBANK,EQ,143.05,143.95,158,142.15,153.1,152.8,152.55,444841,6.78615E+12,,,
11/1/2004,UTIBANK,EQ,152.8,154,154.9,145.1,154.25,153.75,152.99,161796,2.47536E+12,,,
11/2/2004,UTIBANK,EQ,153.75,152,154.3,150.15,150.2,151,152.25,50873,7.74543E+11,,,
11/3/2004,UTIBANK,EQ,151,152,154.8,150,153.55,153.8,153.7,128736,1.97864E+12,,,
11/4/2004,UTIBANK,EQ,153.8,154.9,155.4,150,151,151.05,153.41,99336,1.52391E+12,,,
11/5/2004,UTIBANK,EQ,151.05,165,165,150.25,154,152.25,152.24,193447,2.94512E+12,,,
11/8/2004,UTIBANK,EQ,152.25,155.3,159,153.1,158.45,158,156.17,223243,3.48647E+12,,,
11/9/2004,UTIBANK,EQ,158,159,159,155.5,158.7,158.5,158.01,160017,2.52842E+12,,,
11/10/2004,UTIBANK,EQ,158.5,160,160,158,158.05,158.3,158.94,107945,1.71569E+12,,,
11/11/2004,UTIBANK,EQ,158.3,160,160,153.6,154.2,154.2,155.74,72226,1.12482E+12,,,
11/12/2004,UTIBANK,EQ,154.2,155.8,155.8,153,153.2,153.5,154.08,19233,2.96348E+11,,,
11/16/2004,UTIBANK,EQ,153.5,155.3,155.95,153.65,154,154.05,154.45,255503,3.94621E+12,,,
11/17/2004,UTIBANK,EQ,154.05,156.3,161.1,154.55,161,159.3,157.71,203078,3.20271E+12,,,
11/18/2004,UTIBANK,EQ,159.3,163.9,163.9,157.1,157.7,159.2,160.85,214762,3.45448E+12,,,
11/19/2004,UTIBANK,EQ,159.2,161,161,154,156.45,155,158.43,136888,2.16874E+12,,,
11/22/2004,UTIBANK,EQ,155,153.1,154.5,151,152,151.5,152.29,74645,1.13678E+12,,,
11/23/2004,UTIBANK,EQ,151.5,153.9,159.9,153.05,158.65,158.35,155.63,139986,2.17858E+12,,,
11/24/2004,UTIBANK,EQ,158.35,160.85,162,155.1,155.25,156.85,159.16,154521,2.45935E+12,,,
11/25/2004,UTIBANK,EQ,156.85,158.8,165,158,164.55,163.65,161.62,295912,4.78262E+12,,,
11/29/2004,UTIBANK,EQ,163.65,166,173.4,166,171,171.2,171.12,400911,6.86027E+12,,,
11/30/2004,UTIBANK,EQ,171.2,172.5,173.8,164,168.05,166.2,167.09,342532,5.72352E+12,,,
12/1/2004,UTIBANK,EQ,166.2,167.8,178.7,166,176.5,177.05,174.53,464856,8.11322E+12,,,
12/2/2004,UTIBANK,EQ,177.05,178.95,194.9,178.05,190,189.85,187.45,1153346,2.16198E+13,,,
12/3/2004,UTIBANK,EQ,189.85,187.15,193.7,175.1,178.5,177.7,181.95,405171,7.37222E+12,,,
12/6/2004,UTIBANK,EQ,177.7,185,209.4,185,188.5,188.6,194.58,1020811,1.98629E+13,,,
12/7/2004,UTIBANK,EQ,188.6,190.1,191.45,184.2,185.05,185.1,186.85,335087,6.26102E+12,,,
12/8/2004,UTIBANK,EQ,185.1,194.85,194.85,175.65,181.5,181.85,183.82,719207,1.32203E+13,,,
12/9/2004,UTIBANK,EQ,181.85,182.9,183.7,177.55,178.6,178.75,179.42,302525,5.4278E+12,,,
12/10/2004,UTIBANK,EQ,178.75,179.6,184.95,179,180.5,180.65,181.41,282319,5.12153E+12,,,
12/13/2004,UTIBANK,EQ,180.65,182,182,176.2,176.45,176.65,177.69,156709,2.78449E+12,,,
12/14/2004,UTIBANK,EQ,176.65,180,180,173.55,178.2,177.9,176.57,536160,9.46685E+12,,,
12/15/2004,UTIBANK,EQ,177.9,179.45,181.75,174,174.5,175.15,178.01,449887,8.00851E+12,,,
12/16/2004,UTIBANK,EQ,175.15,172,179.8,150,177.3,177.45,174.09,698752,1.21649E+13,,,
12/17/2004,UTIBANK,EQ,177.45,177.45,177.45,168,169.2,169,171.15,722042,1.2358E+13,,,
12/20/2004,UTIBANK,EQ,169,169,176.95,169,170.9,170.05,172.42,662329,1.14196E+13,,,
12/21/2004,UTIBANK,EQ,170.05,172.85,174.95,171.5,174.55,174.3,173.79,324849,5.64539E+12,,,
12/22/2004,UTIBANK,EQ,174.3,178,178,172.1,174.05,174.55,174.8,342777,5.9919E+12,,,
12/23/2004,UTIBANK,EQ,174.55,177,190,177,188.7,188.8,185.45,1669930,3.0969E+13,,,
12/24/2004,UTIBANK,EQ,188.8,189.9,192.6,181.1,183,183.4,186.63,552645,1.03138E+13,,,
12/27/2004,UTIBANK,EQ,183.4,184,186.1,161.55,186.1,185.5,184.58,270103,4.98544E+12,,,
12/28/2004,UTIBANK,EQ,185.5,186.5,188.5,182.5,185,185.25,184.7,206709,3.81802E+12,,,
12/29/2004,UTIBANK,EQ,185.25,185.45,186.85,181.1,182.5,182,182.87,178854,3.27068E+12,,,
12/30/2004,UTIBANK,EQ,182,185,187.9,182.05,183.7,182.8,185.09,240304,4.44788E+12,,,
12/31/2004,UTIBANK,EQ,182.8,185,187,183,185.95,185.2,184.98,173505,3.20946E+12,,,
1/3/2005,UTIBANK,EQ,185.2,185,191,185,190.95,190.2,188.89,284202,5.36826E+12,,,
1/4/2005,UTIBANK,EQ,190.2,191.1,192,187,191.5,189.7,189.29,223165,4.22423E+12,,,
1/5/2005,UTIBANK,EQ,189.7,189.95,189.95,177.55,184.9,184.25,183.78,232617,4.27497E+12,,,
1/6/2005,UTIBANK,EQ,184.25,184.1,190,177,182,185.15,182.76,238522,4.35912E+12,,,
1/7/2005,UTIBANK,EQ,185.15,180.65,191.9,180.65,190.75,190.1,186.11,306052,5.69581E+12,,,
1/10/2005,UTIBANK,EQ,190.1,191.7,195,189.5,192.1,192.1,192.57,253553,4.88266E+12,,,
1/11/2005,UTIBANK,EQ,192.1,190.5,192.9,184,187,187.95,187.47,168103,3.1514E+12,,,
1/12/2005,UTIBANK,EQ,187.95,186.1,188.2,178.1,178.1,181.35,183.19,162694,2.9804E+12,,,
1/13/2005,UTIBANK,EQ,181.35,180,183.2,170,176,175.65,176.94,588927,1.04203E+13,,,
1/14/2005,UTIBANK,EQ,175.65,176.7,192,176.5,191.4,188.95,184.58,627072,1.15745E+13,,,
1/17/2005,UTIBANK,EQ,188.95,193,201,186.15,200.7,196.75,193.99,989208,1.91901E+13,,,
1/18/2005,UTIBANK,EQ,196.75,201.5,208,196.1,196.5,198.55,203.14,1078774,2.19144E+13,,,
1/19/2005,UTIBANK,EQ,198.55,199.8,202,193.5,195,195.65,198.13,256890,5.08966E+12,,,
1/20/2005,UTIBANK,EQ,195.65,196.7,196.7,188.1,192.45,191.05,190.94,245579,4.68915E+12,,,
1/24/2005,UTIBANK,EQ,191.05,193.3,209.65,189,205.95,204.4,199.93,621919,1.24338E+13,,,
1/25/2005,UTIBANK,EQ,204.4,205,205,197,198.55,198.7,199.87,321004,6.41587E+12,,,
1/27/2005,UTIBANK,EQ,198.7,200.5,208,199.05,207,206.5,204.47,382119,7.81324E+12,,,
1/28/2005,UTIBANK,EQ,206.5,208.5,208.5,203.25,205.1,205.15,205.15,174604,3.58196E+12,,,
1/31/2005,UTIBANK,EQ,205.15,207.4,210,204.05,207.4,206.05,206.06,306197,6.30935E+12,,,
2/1/2005,UTIBANK,EQ,206.05,209,209,197.6,205,204.45,202.61,475987,9.64382E+12,,,
2/2/2005,UTIBANK,EQ,204.45,205,218.9,202,216.05,215.25,211.97,633125,1.34205E+13,,,
2/3/2005,UTIBANK,EQ,215.25,217,226.35,214,221.95,224.6,221.98,776999,1.7248E+13,,,
2/4/2005,UTIBANK,EQ,224.6,225.9,240,221,223.6,225,226.04,505664,1.14299E+13,,,
2/7/2005,UTIBANK,EQ,225,225,229.45,220.25,221.9,223.35,225.81,166008,3.74869E+12,,,
2/8/2005,UTIBANK,EQ,223.35,205.55,232.8,205.55,230.5,229.6,228.15,446709,1.01916E+13,,,
2/9/2005,UTIBANK,EQ,229.6,232.5,234,227,230.9,231.05,230.78,247858,5.71994E+12,,,
2/10/2005,UTIBANK,EQ,231.05,229,232.5,223,224.7,225.2,227.36,97074,2.20711E+12,,,
2/11/2005,UTIBANK,EQ,225.2,225.2,231.95,222.1,230.85,230.65,228.9,128429,2.93968E+12,,,
2/14/2005,UTIBANK,EQ,230.65,232,236.5,228.05,229,231.35,232.36,234831,5.45642E+12,,,
2/15/2005,UTIBANK,EQ,231.35,230,232,227,231.65,230.95,230.44,87724,2.02152E+12,,,
2/16/2005,UTIBANK,EQ,230.95,230,235,227,228,231.9,232.59,265732,6.18075E+12,,,
2/17/2005,UTIBANK,EQ,231.9,231.9,231.9,218,220.05,220.5,222.32,207075,4.60362E+12,,,
2/18/2005,UTIBANK,EQ,220.5,224,227,219,219.5,220.05,223.43,185304,4.14027E+12,,,
2/21/2005,UTIBANK,EQ,220.05,232,235.85,220.6,230,229.55,229.01,329476,7.54522E+12,,,
2/22/2005,UTIBANK,EQ,229.55,231,233,226,230.25,231.4,229.34,310109,7.11191E+12,,,
2/23/2005,UTIBANK,EQ,231.4,230,233,225,227.55,228,229,166182,3.80565E+12,,,
2/24/2005,UTIBANK,EQ,228,228,231.5,222.25,228,228.65,229.11,260015,5.95726E+12,,,
2/25/2005,UTIBANK,EQ,228.65,231.3,235,225.1,226,226.2,229.78,212577,4.88456E+12,,,
2/28/2005,UTIBANK,EQ,226.2,228.7,256.5,228.7,241.25,242.1,242.78,958115,2.32607E+13,,,
3/1/2005,UTIBANK,EQ,242.1,239,239,223,231.5,229.6,230.46,464882,1.07137E+13,,,
3/2/2005,UTIBANK,EQ,229.6,230.05,234.2,227.15,228.95,228.45,230.51,239314,5.51651E+12,,,
3/3/2005,UTIBANK,EQ,228.45,234.8,234.85,227,228,228.1,230.53,216541,4.99188E+12,,,
3/4/2005,UTIBANK,EQ,228.1,230.7,232.45,229.05,231.6,231.55,230.84,205702,4.7485E+12,,,
3/7/2005,UTIBANK,EQ,231.55,242,242,235,236.1,236.65,239.1,341521,8.16567E+12,,,
3/8/2005,UTIBANK,EQ,236.65,239,247.85,237.65,244.15,245.9,242.96,318963,7.7494E+12,,,
3/9/2005,UTIBANK,EQ,245.9,235,255,235,254,251.3,251.47,653445,1.64322E+13,,,
3/10/2005,UTIBANK,EQ,251.3,255.95,264,249,258,257.4,259.15,722399,1.87208E+13,,,
3/11/2005,UTIBANK,EQ,257.4,259.95,263,254.65,262,261.05,259.02,541796,1.40338E+13,,,
3/14/2005,UTIBANK,EQ,261.05,260,269.75,259.55,260,260.35,264.28,435014,1.14964E+13,,,
3/15/2005,UTIBANK,EQ,260.35,262.85,267.2,250,251.8,256.65,260.88,461267,1.20336E+13,,,
3/16/2005,UTIBANK,EQ,256.65,259.9,267,242.05,246,244.8,251.46,823970,2.07198E+13,,,
3/17/2005,UTIBANK,EQ,244.8,249.9,253.4,241.5,246,243.2,247.57,306137,7.57896E+12,,,
3/18/2005,UTIBANK,EQ,243.2,243.8,245.55,238,242,241.7,241.28,281316,6.78749E+12,,,
3/21/2005,UTIBANK,EQ,241.7,244.85,245.7,240,240.1,240.25,241,100806,2.42942E+12,,,
3/22/2005,UTIBANK,EQ,240.25,242.9,242.9,232.85,235,234.4,235.4,145749,3.43098E+12,,,
3/23/2005,UTIBANK,EQ,234.4,232,237.6,232,235.05,236.8,236.48,572845,1.35466E+13,,,
3/24/2005,UTIBANK,EQ,236.8,238,238,229.05,230.05,232.95,232.44,120085,2.79124E+12,,,
3/28/2005,UTIBANK,EQ,232.95,234.5,237.4,231.05,232,231.8,233.81,104495,2.44318E+12,,,
3/29/2005,UTIBANK,EQ,231.8,233,233.1,225.05,229,226.75,229.12,137799,3.15728E+12,,,
3/30/2005,UTIBANK,EQ,226.75,228.5,235.2,223.05,234.5,230.15,225.46,641064,1.44533E+13,,,
3/31/2005,UTIBANK,EQ,230.15,233,241.75,230.25,240,237.6,235.22,76248,1.79349E+12,,,
4/1/2005,UTIBANK,EQ,237.6,237,239.8,235,238.2,238.15,237.72,52009,1.23637E+12,,,
4/4/2005,UTIBANK,EQ,238.15,238.15,240.7,236,237,237.2,237.5,47550,1.12931E+12,,,
4/5/2005,UTIBANK,EQ,237.2,239.3,244,233.05,236,236.1,239.18,96466,2.30725E+12,,,
4/6/2005,UTIBANK,EQ,236.1,238.8,238.9,233.7,234,235.3,236.69,78228,1.85158E+12,,,
4/7/2005,UTIBANK,EQ,235.3,237,239.95,232.5,232.95,234.3,237.08,88894,2.10747E+12,,,
4/8/2005,UTIBANK,EQ,234.3,237.8,237.8,229,229.8,229.55,230.89,60680,1.40105E+12,,,
4/11/2005,UTIBANK,EQ,229.55,231.4,231.4,226,228,228,228.03,90956,2.07406E+12,,,
4/12/2005,UTIBANK,EQ,228,230.7,230.7,224.1,227.95,227.35,227.83,32488,7.40183E+11,,,
4/13/2005,UTIBANK,EQ,227.35,229.6,229.6,225.5,226.25,226.5,227.15,33762,7.66902E+11,,,
4/15/2005,UTIBANK,EQ,226.5,225,228,222.95,227.4,226.4,225.04,55720,1.25391E+12,,,
4/18/2005,UTIBANK,EQ,226.4,224,226,216,224,223.15,222.36,63043,1.40181E+12,,,
4/19/2005,UTIBANK,EQ,223.15,226,234,226,234,231.55,230.19,155345,3.57594E+12,,,
4/20/2005,UTIBANK,EQ,231.55,232,234.95,226.5,227.7,229,229.15,131301,3.00874E+12,,,
4/21/2005,UTIBANK,EQ,229,231.05,239.5,229,238,236.8,234.36,449850,1.05425E+13,,,
4/22/2005,UTIBANK,EQ,236.8,240,244.2,236.1,241,238.7,238.49,341974,8.15582E+12,,,
4/25/2005,UTIBANK,EQ,238.7,239.9,249.95,237.05,246.8,246.2,244.95,239478,5.86591E+12,,,
4/26/2005,UTIBANK,EQ,246.2,249.35,249.35,240,241,241.1,242.55,129813,3.14862E+12,,,
4/27/2005,UTIBANK,EQ,241.1,240,244.9,235.05,244,240.25,238.73,82403,1.96723E+12,,,
4/28/2005,UTIBANK,EQ,240.25,237,242.55,230.5,238.1,236.1,239.03,571860,1.36694E+13,,,
4/29/2005,UTIBANK,EQ,236.1,225.5,235.1,225.5,230.1,230.1,231.28,552597,1.27807E+13,,,
5/2/2005,UTIBANK,EQ,230.1,232.85,235,229.3,234.6,234.55,231.06,209149,4.83268E+12,,,
5/3/2005,UTIBANK,EQ,234.55,234,234,230,230,230.9,231.01,149126,3.4449E+12,,,
5/4/2005,UTIBANK,EQ,230.9,230,232.85,228,230.7,230.95,230.77,89545,2.06641E+12,,,
5/5/2005,UTIBANK,EQ,230.95,236,263,236,242.95,242.65,244.28,517193,1.26341E+13,,,
5/6/2005,UTIBANK,EQ,242.65,243.65,245.95,237.8,239.5,239.75,239.91,600144,1.43981E+13,,,
5/9/2005,UTIBANK,EQ,239.75,241.5,242.25,236,240,240,240.18,211214,5.07297E+12,,,
5/10/2005,UTIBANK,EQ,240,239.9,240.95,235.5,236,237.75,237.77,129947,3.08976E+12,,,
5/11/2005,UTIBANK,EQ,237.75,237.9,237.9,230.4,231,232,234.31,189741,4.44579E+12,,,
5/12/2005,UTIBANK,EQ,232,232.8,239,230,234.9,233.45,234.4,918845,2.15374E+13,,,
5/13/2005,UTIBANK,EQ,233.45,235,238.4,231,231.5,232.35,233.43,275545,6.432E+12,,,
5/16/2005,UTIBANK,EQ,232.35,232.4,232.4,226.15,227.7,227.6,229.41,177093,4.06274E+12,,,
5/17/2005,UTIBANK,EQ,227.6,232,232,218.95,221.5,221.45,221.71,687500,1.52426E+13,,,
5/18/2005,UTIBANK,EQ,221.45,222,223.9,218.3,221.75,221.7,221.38,168639,3.73338E+12,,,
5/19/2005,UTIBANK,EQ,221.7,223.7,226.4,218.5,220.2,220.05,222.35,292998,6.51475E+12,,,
5/20/2005,UTIBANK,EQ,220.05,219.8,221.95,216.3,220.3,220.15,219.23,244464,5.35936E+12,,,
5/23/2005,UTIBANK,EQ,220.15,224,225.75,220,225,225.05,222.9,395642,8.81879E+12,,,
5/24/2005,UTIBANK,EQ,225.05,225.7,226.8,220.5,222.05,224.15,224.58,381038,8.55739E+12,,,
5/25/2005,UTIBANK,EQ,224.15,223,226,221.1,225,225.05,224.81,262914,5.91049E+12,,,
5/26/2005,UTIBANK,EQ,225.05,225.05,225.8,218,218.6,220.65,222.06,103350,2.29501E+12,,,
5/27/2005,UTIBANK,EQ,220.65,222,226.5,219.65,225.4,224.75,223.62,220765,4.93682E+12,,,
5/30/2005,UTIBANK,EQ,224.75,225.9,228,220.5,220.6,221.65,224.88,136388,3.0671E+12,,,
5/31/2005,UTIBANK,EQ,221.65,224.5,241.5,221.65,238.75,239.75,235.21,1082162,2.54537E+13,,,
6/1/2005,UTIBANK,EQ,239.75,240,240,235.1,238,238.7,237.27,281357,6.67586E+12,,,
6/2/2005,UTIBANK,EQ,238.7,237,237,228,228.55,228.1,229.52,381002,8.74462E+12,,,
6/3/2005,UTIBANK,EQ,228.1,232,235.25,226.1,231.25,232.45,232.6,271538,6.31592E+12,,,
6/4/2005,UTIBANK,EQ,232.45,239,242,231.1,231.1,232.15,233.05,27799,6.47864E+11,,,
6/6/2005,UTIBANK,EQ,232.15,233,234,227.05,227.75,227.7,229.96,210885,4.84957E+12,,,
6/7/2005,UTIBANK,EQ,227.7,229.9,234,229.2,232,232.05,231.47,224827,5.2041E+12,,,
6/8/2005,UTIBANK,EQ,232.05,234,242,232.45,234.1,235.7,237.88,423751,1.00804E+13,,,
6/9/2005,UTIBANK,EQ,235.7,236.95,237.4,229,232,232.1,232.62,199996,4.65222E+12,,,
6/10/2005,UTIBANK,EQ,232.1,232.8,235,229.6,230.15,231.45,231.71,345294,8.0007E+12,,,
6/13/2005,UTIBANK,EQ,231.45,228.1,232.8,228.1,229.5,230,230.14,133977,3.08339E+12,,,
6/14/2005,UTIBANK,EQ,230,231.35,236.8,229.1,230,229.95,232.67,265588,6.17941E+12,,,
6/15/2005,UTIBANK,EQ,229.95,231.9,233,228.9,232.25,232.05,231.28,336700,7.78725E+12,,,
6/16/2005,UTIBANK,EQ,232.05,234.9,236,228.8,228.8,230.35,232.25,378929,8.8006E+12,,,
6/17/2005,UTIBANK,EQ,230.35,231.75,236.35,230.95,236.35,235.25,234.31,473032,1.10835E+13,,,
6/20/2005,UTIBANK,EQ,235.25,237.4,237.8,234,234.95,235.25,235.98,270300,6.37845E+12,,,
6/21/2005,UTIBANK,EQ,235.25,235,235.9,232.25,233.9,234.15,234.5,197370,4.62842E+12,,,
6/22/2005,UTIBANK,EQ,234.15,235.5,242,234.2,241,241.15,238.76,853304,2.03733E+13,,,
6/23/2005,UTIBANK,EQ,241.15,243,247.9,239,240.5,240.25,243.17,429432,1.04427E+13,,,
6/24/2005,UTIBANK,EQ,240.25,242.5,244,239.6,240.3,240.5,241.38,292870,7.06929E+12,,,
6/27/2005,UTIBANK,EQ,240.5,241,244.9,238.65,243,243.4,242.99,234387,5.69539E+12,,,
6/28/2005,UTIBANK,EQ,243.4,243.4,244.45,235.5,237,237.45,241.05,218647,5.27048E+12,,,
6/29/2005,UTIBANK,EQ,237.45,237,244.5,234,242.05,243.3,240.02,528972,1.26963E+13,,,
6/30/2005,UTIBANK,EQ,243.3,244,250,238,243.15,246.75,245.96,865416,2.12858E+13,,,
7/1/2005,UTIBANK,EQ,246.75,244.9,251.85,240,250,248.95,248.96,247491,6.16162E+12,,,
7/4/2005,UTIBANK,EQ,248.95,245.25,251,230,243.6,243.85,244.7,112449,2.75165E+12,,,
7/5/2005,UTIBANK,EQ,243.85,243.85,254.95,242.15,244.95,244.4,248.26,440086,1.09257E+13,,,
7/6/2005,UTIBANK,EQ,244.4,246.9,256.5,244.6,256,253.85,250.47,319333,7.99834E+12,,,
7/7/2005,UTIBANK,EQ,253.85,260,260,246.15,249.7,249.8,251.42,182007,4.57606E+12,,,
7/8/2005,UTIBANK,EQ,249.8,251.5,265.25,251.5,263.4,263.1,258.98,411960,1.06687E+13,,,
7/11/2005,UTIBANK,EQ,263.1,265.05,271,265.05,268.5,267.85,268.43,387446,1.04004E+13,,,
7/12/2005,UTIBANK,EQ,267.85,250.05,270.8,250.05,268.35,267.95,266.34,247330,6.58746E+12,,,
7/13/2005,UTIBANK,EQ,267.95,270,273.45,265.35,267.65,266.6,269.59,155993,4.20535E+12,,,
7/14/2005,UTIBANK,EQ,266.6,268,271.9,259.65,260.25,261.2,265.6,337079,8.95272E+12,,,
7/15/2005,UTIBANK,EQ,261.2,261,261.1,249.05,251.9,251.75,252.44,464417,1.17239E+13,,,
7/18/2005,UTIBANK,EQ,251.75,253,260.8,252.05,254,253,255.44,246449,6.29519E+12,,,
7/19/2005,UTIBANK,EQ,253,261.5,261.5,252,252.65,252.85,254.05,187090,4.75305E+12,,,
7/20/2005,UTIBANK,EQ,252.85,253,256.5,246.1,247,247.6,251.54,451808,1.13647E+13,,,
7/21/2005,UTIBANK,EQ,247.6,249.95,250.9,248,250.5,249.75,249.67,302258,7.54648E+12,,,
7/22/2005,UTIBANK,EQ,249.75,248,251.25,247,249.4,249.75,249.52,307835,7.68117E+12,,,
7/25/2005,UTIBANK,EQ,249.75,250,256.5,248,256,254.55,252.1,354531,8.93787E+12,,,
7/26/2005,UTIBANK,EQ,254.55,257,270,256,268,267.8,264.02,1186813,3.13347E+13,,,
7/27/2005,UTIBANK,EQ,267.8,270.7,270.7,260,261,262.65,264,119974,3.16731E+12,,,
7/29/2005,UTIBANK,EQ,262.65,242.65,272,242.65,266,262.9,265.16,474760,1.25887E+13,,,
8/1/2005,UTIBANK,EQ,262.9,264.9,270,263.35,268.2,267.95,267.08,224575,5.99791E+12,,,
8/2/2005,UTIBANK,EQ,267.95,270,280,269.75,276.2,276.6,276.9,1836682,5.08585E+13,,,
8/3/2005,UTIBANK,EQ,276.6,280,285,275.55,277.5,278.9,279.14,1853091,5.17265E+13,,,
8/4/2005,UTIBANK,EQ,278.9,285,285,262.25,275,278.45,279.91,587217,1.64367E+13,,,
8/5/2005,UTIBANK,EQ,278.45,278,278,264.85,268,266.1,270.3,874597,2.36407E+13,,,
8/8/2005,UTIBANK,EQ,266.1,268.1,270.4,256.1,259.55,259.85,261.27,801136,2.09313E+13,,,
8/9/2005,UTIBANK,EQ,259.85,261.1,264.95,255.25,260,261.5,261.87,591495,1.54893E+13,,,
8/10/2005,UTIBANK,EQ,261.5,261.4,263,259,259.5,259.75,260.39,265432,6.91168E+12,,,
8/11/2005,UTIBANK,EQ,259.75,261,264.2,258,260,259.75,260.65,513881,1.33945E+13,,,
8/12/2005,UTIBANK,EQ,259.75,260,263.85,259,260.1,261.55,262.19,690880,1.81144E+13,,,
8/16/2005,UTIBANK,EQ,261.55,261.7,263.9,260,260.9,260.45,261.73,360174,9.4269E+12,,,
8/17/2005,UTIBANK,EQ,260.45,263.7,264.25,260.4,262.55,262.65,262.58,134509,3.532E+12,,,
8/18/2005,UTIBANK,EQ,262.65,261,265,260.05,263,262.75,262.42,62514,1.6405E+12,,,
8/19/2005,UTIBANK,EQ,262.75,263.9,263.9,260.25,262.35,261.55,261.46,111351,2.91133E+12,,,
8/22/2005,UTIBANK,EQ,261.55,269,269,255,258,256.95,259.21,123630,3.20464E+12,,,
8/23/2005,UTIBANK,EQ,256.95,259,262,245.1,250.95,249.85,252.91,345696,8.74313E+12,,,
8/24/2005,UTIBANK,EQ,249.85,253,254.75,245.05,247.5,247.7,248.39,194468,4.8303E+12,,,
8/25/2005,UTIBANK,EQ,247.7,248,250.9,240,241,245.4,247.73,491634,1.21791E+13,,,
8/26/2005,UTIBANK,EQ,245.4,243,250,243,248,248.7,248.07,144103,3.57475E+12,,,
8/29/2005,UTIBANK,EQ,248.7,248.95,250.5,243.55,249.45,249.6,248.99,679303,1.69139E+13,,,
8/30/2005,UTIBANK,EQ,249.6,251,251,249,250.5,249.6,249.61,246461,6.15201E+12,,,
8/31/2005,UTIBANK,EQ,249.6,252,252,248.25,249.5,249.65,249.76,749569,1.87213E+13,,,
9/1/2005,UTIBANK,EQ,249.65,250.1,255,249.95,250.85,250.95,252.79,333078,8.41976E+12,,,
9/2/2005,UTIBANK,EQ,250.95,251.5,260.9,247.15,258.25,257.15,250.67,1909624,4.78687E+13,,,
9/5/2005,UTIBANK,EQ,257.15,255,263.9,255,259.1,259.2,260.81,362813,9.46245E+12,,,
9/6/2005,UTIBANK,EQ,259.2,261.9,261.9,254.5,260,260.05,257.87,120074,3.09639E+12,,,
9/8/2005,UTIBANK,EQ,260.05,260,263.9,260,261.55,262.95,262.26,151064,3.96178E+12,,,
9/9/2005,UTIBANK,EQ,262.95,262,268.9,259,268,267.1,265.12,299001,7.92697E+12,,,
9/12/2005,UTIBANK,EQ,267.1,268.5,272,267,271,271.05,270.14,285615,7.71561E+12,,,
9/13/2005,UTIBANK,EQ,271.05,270.3,274.45,269.1,273,272.55,271.79,237226,6.44747E+12,,,
9/14/2005,UTIBANK,EQ,272.55,272,274,268.1,270.1,270.15,271.06,364162,9.87082E+12,,,
9/15/2005,UTIBANK,EQ,270.15,252.65,272.95,252.65,269.15,271,270.6,59291,1.6044E+12,,,
9/16/2005,UTIBANK,EQ,271,253.25,272,253.25,266.1,266.7,267.86,115400,3.09109E+12,,,
9/19/2005,UTIBANK,EQ,266.7,265,270.65,265,267.65,268.7,268.41,122948,3.30005E+12,,,
9/20/2005,UTIBANK,EQ,268.7,267.65,283,264.1,281.2,280.25,275.23,424259,1.16769E+13,,,
9/21/2005,UTIBANK,EQ,280.25,282,292.45,271,283.35,286.45,283.07,663788,1.87896E+13,,,
9/22/2005,UTIBANK,EQ,286.45,288.5,289,270.35,272.5,273.3,279.25,391818,1.09417E+13,,,
9/23/2005,UTIBANK,EQ,273.3,270.05,279,264.05,266,267.55,268.65,160515,4.31222E+12,,,
9/26/2005,UTIBANK,EQ,267.55,288.8,289.75,267.55,273.35,273.9,275.49,213369,5.87808E+12,,,
9/27/2005,UTIBANK,EQ,273.9,278.8,283.5,273.05,278.2,278.85,277.29,308860,8.56432E+12,,,
9/28/2005,UTIBANK,EQ,278.85,284.9,284.9,272.5,275.7,274.25,274.97,385945,1.06123E+13,,,
9/29/2005,UTIBANK,EQ,274.25,276,276.7,259,265,263.6,270.28,454271,1.2278E+13,,,
9/30/2005,UTIBANK,EQ,263.6,275,275,261.5,267,265.8,266.06,189360,5.03806E+12,,,
10/3/2005,UTIBANK,EQ,265.8,265.7,266.95,260.5,261.2,261.55,262.6,331335,8.70086E+12,,,
10/4/2005,UTIBANK,EQ,261.55,265,268,262,265.35,266.4,266.11,185793,4.9441E+12,,,
10/5/2005,UTIBANK,EQ,266.4,264.7,264.7,257,259.95,258.25,259.88,269805,7.01166E+12,,,
10/6/2005,UTIBANK,EQ,258.25,259,261,248.9,254.5,253.2,253.29,555859,1.40793E+13,,,
10/7/2005,UTIBANK,EQ,253.2,258,258,249.25,256.25,256.4,254.4,284941,7.24891E+12,,,
10/10/2005,UTIBANK,EQ,256.4,259,261.9,252.55,260.3,260.5,258.24,211177,5.4534E+12,,,
10/11/2005,UTIBANK,EQ,260.5,262,262.05,254.1,258,258.85,258.67,223737,5.7874E+12,,,
10/13/2005,UTIBANK,EQ,258.85,258.5,260,251.3,254.25,253.35,255.47,417362,1.06624E+13,,,
10/14/2005,UTIBANK,EQ,253.35,258.1,262.8,248.2,259.5,257.6,255.67,783295,2.00263E+13,,,
10/17/2005,UTIBANK,EQ,257.6,261.3,264.8,243.25,250.1,252.8,255.15,209746,5.35159E+12,,,
10/18/2005,UTIBANK,EQ,252.8,252.95,258,250.05,251,252.05,253.75,198952,5.04838E+12,,,
10/19/2005,UTIBANK,EQ,252.05,250,252.7,247.6,252,250.55,250.75,312291,7.8308E+12,,,
10/20/2005,UTIBANK,EQ,250.55,251,254.95,226,240,236.2,235.26,638625,1.50243E+13,,,
10/21/2005,UTIBANK,EQ,236.2,240,242,230.15,234.1,234.85,235.4,463529,1.09117E+13,,,
10/24/2005,UTIBANK,EQ,234.85,237.5,239.75,227.5,227.5,229.2,233.76,298465,6.97691E+12,,,
10/25/2005,UTIBANK,EQ,229.2,230.5,234.4,225.05,228.7,230,231.81,428695,9.93741E+12,,,
10/26/2005,UTIBANK,EQ,230,230.5,231.75,225.05,227,227.85,227.54,383190,8.71916E+12,,,
10/27/2005,UTIBANK,EQ,227.85,225.1,228,219.35,221.9,220.75,223.64,420398,9.40169E+12,,,
10/28/2005,UTIBANK,EQ,220.75,220,230.1,220,228.5,228.3,227.33,295487,6.7174E+12,,,
10/31/2005,UTIBANK,EQ,228.3,224.5,240.9,224.5,237.25,239.25,235.54,209341,4.93077E+12,,,
11/1/2005,UTIBANK,EQ,239.25,240.05,242,235.05,238.85,237.3,237.85,47945,1.14037E+12,,,
11/2/2005,UTIBANK,EQ,237.3,230.1,239.85,230.1,239,238.95,237.52,44084,1.04709E+12,,,
11/7/2005,UTIBANK,EQ,238.95,240,241,232.5,234.25,237.15,238.7,386906,9.23538E+12,,,
11/8/2005,UTIBANK,EQ,237.15,234.5,240,234.5,239,238.55,238.7,148053,3.53409E+12,,,
11/9/2005,UTIBANK,EQ,238.55,238.55,243.5,237,238,239.05,238.81,314266,7.50489E+12,,,
11/10/2005,UTIBANK,EQ,239.05,242,242,237.75,238,238.2,238.46,143492,3.42165E+12,,,
11/11/2005,UTIBANK,EQ,238.2,238.2,244.2,238.2,242.9,240.3,240.96,202120,4.87027E+12,,,
11/14/2005,UTIBANK,EQ,240.3,243.1,248,241.95,244.75,245.3,243.84,228579,5.57374E+12,,,
11/16/2005,UTIBANK,EQ,245.3,246,254.3,244,254.3,251.25,250.1,528793,1.32251E+13,,,
11/17/2005,UTIBANK,EQ,251.25,258.7,258.7,249.2,253.5,255.3,253.42,847167,2.1469E+13,,,
11/18/2005,UTIBANK,EQ,255.3,257,257.5,247.6,248,250.1,253.8,190660,4.83893E+12,,,
11/21/2005,UTIBANK,EQ,250.1,250.8,250.8,242.8,244,244.85,244.82,205985,5.04296E+12,,,
11/22/2005,UTIBANK,EQ,244.85,243.8,245.95,239.25,240,240.05,241.74,151029,3.65094E+12,,,
11/23/2005,UTIBANK,EQ,240.05,240.2,249.7,237.5,248,248.65,242.76,269608,6.54514E+12,,,
11/24/2005,UTIBANK,EQ,248.65,249.3,251.5,244.3,249.85,245.9,247.2,263071,6.5031E+12,,,
11/25/2005,UTIBANK,EQ,245.9,245.9,259.9,245.9,258,257.55,255.57,237469,6.06911E+12,,,
11/26/2005,UTIBANK,EQ,257.55,257,263.3,253.9,255.85,255.85,259.14,117607,3.04761E+12,,,
11/28/2005,UTIBANK,EQ,255.85,258,261,255,260,260.15,259.15,239931,6.21777E+12,,,
11/29/2005,UTIBANK,EQ,260.15,260,270,256.35,266,265.9,264.24,471714,1.24648E+13,,,
11/30/2005,UTIBANK,EQ,265.9,268.1,274.75,267.8,270,271.25,272.16,619087,1.68493E+13,,,
12/1/2005,UTIBANK,EQ,271.25,270.5,281.7,269.05,278.65,279.65,275.67,424083,1.16906E+13,,,
12/2/2005,UTIBANK,EQ,279.65,280,284,278.3,282.5,282.85,282.24,375195,1.05893E+13,,,
12/5/2005,UTIBANK,EQ,282.85,283,295.8,282.55,294.05,294,290.94,406462,1.18258E+13,,,
12/6/2005,UTIBANK,EQ,294,289.9,300,289,290,290.05,291.68,299118,8.72482E+12,,,
12/7/2005,UTIBANK,EQ,290.05,290,294,285.5,293,291.65,289.03,181420,5.24366E+12,,,
12/8/2005,UTIBANK,EQ,291.65,291.5,293,289,292.85,291.65,290.35,93242,2.70733E+12,,,
12/9/2005,UTIBANK,EQ,291.65,289,292,275,285,286.05,287.27,75546,2.17018E+12,,,
12/12/2005,UTIBANK,EQ,286.05,287.5,293,282.5,282.5,283.9,286.56,83033,2.37937E+12,,,
12/13/2005,UTIBANK,EQ,283.9,285.5,294,283.5,287,288.4,289.36,220744,6.38741E+12,,,
12/14/2005,UTIBANK,EQ,288.4,290,310.9,290,309,308.35,304.01,856575,2.60405E+13,,,
12/15/2005,UTIBANK,EQ,308.35,306.9,309,282.75,287.5,287.5,295.98,347457,1.02839E+13,,,
12/16/2005,UTIBANK,EQ,287.5,289,295,285,286.5,285.9,289.12,221309,6.39855E+12,,,
12/19/2005,UTIBANK,EQ,285.9,290,299,288.55,297,296.35,295.78,248470,7.3492E+12,,,
12/20/2005,UTIBANK,EQ,296.35,296.35,298.55,289.15,290,290.75,292.43,135468,3.96149E+12,,,
12/21/2005,UTIBANK,EQ,290.75,296.7,297.45,287.75,289.95,292.15,293.03,293037,8.58682E+12,,,
12/22/2005,UTIBANK,EQ,292.15,292.45,304,290.1,300,297.55,298.44,358908,1.07111E+13,,,
12/23/2005,UTIBANK,EQ,297.55,298.05,303,297.1,300.3,300.05,299.04,119141,3.56283E+12,,,
12/26/2005,UTIBANK,EQ,300.05,300.05,300.05,281.5,287.25,287,287.74,173141,4.98202E+12,,,
12/27/2005,UTIBANK,EQ,287,284,307,276,307,301.6,295.22,153785,4.54001E+12,,,
12/28/2005,UTIBANK,EQ,301.6,301.6,307,295.25,297,296.8,298.34,116148,3.46518E+12,,,
12/29/2005,UTIBANK,EQ,296.8,300,300.5,279,281.9,281.75,284.8,661482,1.88388E+13,,,
12/30/2005,UTIBANK,EQ,281.75,284,289.8,283.2,287.75,286.95,287.16,250846,7.20324E+12,,,
1/2/2006,UTIBANK,EQ,286.95,292,293.5,286.5,288,288.3,290.1,143118,4.1519E+12,,,
1/3/2006,UTIBANK,EQ,288.3,290.2,293.8,288.5,290.85,289.6,290.2,83993,2.43748E+12,,,
1/4/2006,UTIBANK,EQ,289.6,293,298.75,291,296.5,296.5,295.53,289617,8.55894E+12,,,
1/5/2006,UTIBANK,EQ,296.5,296.5,305.5,294.05,304.25,303.7,303.06,602651,1.82641E+13,,,
1/6/2006,UTIBANK,EQ,303.7,309,315.5,304.1,313.9,313.85,309.72,407031,1.26065E+13,,,
1/9/2006,UTIBANK,EQ,313.85,315,325.75,310.1,318.1,319.6,320.42,407012,1.30415E+13,,,
1/10/2006,UTIBANK,EQ,319.6,321,322,306,312,312.75,311.91,399660,1.24656E+13,,,
1/12/2006,UTIBANK,EQ,312.75,314,318,292.65,313.1,313.3,313.48,187485,5.87726E+12,,,
1/13/2006,UTIBANK,EQ,313.3,316,322.9,314.5,318,318.2,319.29,461824,1.47455E+13,,,
1/16/2006,UTIBANK,EQ,318.2,319.95,325,315.05,324.7,323.2,320.73,362589,1.16294E+13,,,
1/17/2006,UTIBANK,EQ,323.2,344.4,355,323,324.6,324.1,330,313271,1.03379E+13,,,
1/18/2006,UTIBANK,EQ,324.1,323.1,325,311,319,320.7,320.44,263959,8.45825E+12,,,
1/19/2006,UTIBANK,EQ,320.7,325,330,322.6,328,327.75,327.03,138045,4.51453E+12,,,
1/20/2006,UTIBANK,EQ,327.75,329,349.8,326.1,345,338.75,332.89,240300,7.99945E+12,,,
1/23/2006,UTIBANK,EQ,338.75,339.5,374.9,330.1,370,367.25,359.81,641465,2.30803E+13,,,
1/24/2006,UTIBANK,EQ,367.25,345,369.4,334.05,338.5,336.55,348.27,489406,1.70448E+13,,,
1/25/2006,UTIBANK,EQ,336.55,355,355,321,324.5,324.8,337.75,428444,1.44708E+13,,,
1/27/2006,UTIBANK,EQ,324.8,328.9,339.2,326.9,333.5,333.25,332.16,776611,2.5796E+13,,,
1/30/2006,UTIBANK,EQ,333.25,333.25,338.8,324,333.05,333.4,333.24,344673,1.1486E+13,,,
1/31/2006,UTIBANK,EQ,333.4,334.5,339,330.05,336.95,337.05,335.5,243650,8.17439E+12,,,
2/1/2006,UTIBANK,EQ,337.05,337,343,330.05,338.75,336.15,337.74,316808,1.06998E+13,,,
2/2/2006,UTIBANK,EQ,336.15,340,345,330.6,340,338.7,338.07,617963,2.08917E+13,,,
2/3/2006,UTIBANK,EQ,338.7,341.1,341.1,324.35,326.9,328.85,333.95,279788,9.34366E+12,,,
2/6/2006,UTIBANK,EQ,328.85,330,335.9,326,334.95,334.6,332.87,123583,4.11373E+12,,,
2/7/2006,UTIBANK,EQ,334.6,336,362,335,346.95,348.45,347.12,877374,3.04553E+13,,,
2/8/2006,UTIBANK,EQ,348.45,349,349,333.3,337,335.7,338.95,613274,2.07866E+13,,,
2/10/2006,UTIBANK,EQ,335.7,336.2,344.5,335,343,342.85,340.67,334606,1.1399E+13,,,
2/13/2006,UTIBANK,EQ,342.85,344,350,339.2,345.95,347.05,345.55,388104,1.34108E+13,,,
2/14/2006,UTIBANK,EQ,347.05,349.7,360.7,347.15,358.1,358.7,355.33,459114,1.63137E+13,,,
2/15/2006,UTIBANK,EQ,358.7,363,364,345.25,348,351.75,356.75,329077,1.17398E+13,,,
2/16/2006,UTIBANK,EQ,351.75,353,353,343.1,344.15,344.25,346.6,172230,5.96951E+12,,,
2/17/2006,UTIBANK,EQ,344.25,357,357,340,342,340.85,345.54,210409,7.27057E+12,,,
2/20/2006,UTIBANK,EQ,340.85,342,342,330.35,332,332.75,333.49,168306,5.61279E+12,,,
2/21/2006,UTIBANK,EQ,332.75,343.4,344.4,331.05,334.5,334.5,335.42,182347,6.1163E+12,,,
2/22/2006,UTIBANK,EQ,334.5,337,338.75,330,330,330.7,332.7,76387,2.5414E+12,,,
2/23/2006,UTIBANK,EQ,330.7,335,336,315.5,317.05,317.9,327.49,681365,2.23139E+13,,,
2/24/2006,UTIBANK,EQ,317.9,323,327.1,315,322.45,321.5,321.12,682674,2.19222E+13,,,
2/27/2006,UTIBANK,EQ,321.5,324,333.8,322,331.8,331.7,330.65,1028026,3.3992E+13,,,
2/28/2006,UTIBANK,EQ,331.7,334.7,334.85,322.1,326.5,327.55,330.08,246559,8.13843E+12,,,
3/1/2006,UTIBANK,EQ,327.55,327.5,340,325.05,337.5,338.4,334.92,459649,1.53948E+13,,,
3/2/2006,UTIBANK,EQ,338.4,339,348,337.8,345,345.1,344.42,495449,1.70644E+13,,,
3/3/2006,UTIBANK,EQ,345.1,347,362,345.5,361,360.15,355.65,493645,1.75567E+13,,,
3/6/2006,UTIBANK,EQ,360.15,360.1,363.5,350,358.95,361.45,359.44,169452,6.0908E+12,,,
3/7/2006,UTIBANK,EQ,361.45,361,361,347.25,350,350.2,353.43,232575,8.21994E+12,,,
3/8/2006,UTIBANK,EQ,350.2,351,376.5,351,357.1,359.7,363.22,635644,2.30878E+13,,,
3/9/2006,UTIBANK,EQ,359.7,346.05,365.4,346.05,352,353.85,358.2,367622,1.31681E+13,,,
3/10/2006,UTIBANK,EQ,353.85,359,367.45,356.55,361,364.15,363.44,556827,2.02371E+13,,,
3/13/2006,UTIBANK,EQ,364.15,364.8,369.7,358.05,358.75,359.5,364.47,174650,6.36552E+12,,,
3/14/2006,UTIBANK,EQ,359.5,359,425.5,344.6,383.1,380.55,393.54,5391614,2.12179E+14,,,
3/16/2006,UTIBANK,EQ,380.55,382,389.4,374.25,376.9,376.55,380.26,1323966,5.0345E+13,,,
3/17/2006,UTIBANK,EQ,376.55,378.95,384.5,371,375,374.7,379.42,491243,1.86386E+13,,,
3/20/2006,UTIBANK,EQ,374.7,378,379.95,368.1,368.4,369.35,373.14,621777,2.32011E+13,,,
3/21/2006,UTIBANK,EQ,369.35,370,374,352.85,357.5,354.9,363.75,521945,1.89856E+13,,,
3/22/2006,UTIBANK,EQ,354.9,359.85,361,351.05,354.95,354.1,356.12,680808,2.42452E+13,,,
3/23/2006,UTIBANK,EQ,354.1,358,359.8,346,350,349.85,353.11,285926,1.00962E+13,,,
3/24/2006,UTIBANK,EQ,349.85,352,368,348.1,357.5,357.45,360.54,842154,3.0363E+13,,,
3/27/2006,UTIBANK,EQ,357.45,364.5,364.5,350.05,350.05,352.55,356.36,688367,2.45307E+13,,,
3/28/2006,UTIBANK,EQ,352.55,355,359.9,341.5,343,343.4,347.76,583707,2.02992E+13,,,
3/29/2006,UTIBANK,EQ,343.4,345,351.9,344.7,350.8,349.75,349.23,464637,1.62263E+13,,,
3/30/2006,UTIBANK,EQ,349.75,351.9,353,338.25,343,340.85,345.25,528586,1.82494E+13,,,
3/31/2006,UTIBANK,EQ,340.85,343.9,358.5,342,356,356.05,353.2,483276,1.70691E+13,,,
4/3/2006,UTIBANK,EQ,356.05,358,364.9,351.2,361.5,361.05,357.78,193651,6.92853E+12,,,
4/4/2006,UTIBANK,EQ,361.05,365,372,360.05,368,367.65,367.53,519686,1.90999E+13,,,
4/5/2006,UTIBANK,EQ,367.65,370,371,361.3,363,362.65,365.65,326665,1.19446E+13,,,
4/7/2006,UTIBANK,EQ,362.65,363,367.9,346.1,350.5,350.15,358.65,282827,1.01437E+13,,,
4/10/2006,UTIBANK,EQ,350.15,355.5,355.5,348,350.9,349.35,350.33,180969,6.33994E+12,,,
4/12/2006,UTIBANK,EQ,349.35,354.5,357.9,336.2,337.95,339.9,347.29,446082,1.5492E+13,,,
4/13/2006,UTIBANK,EQ,339.9,343.8,343.8,315.5,319,319,323.92,784068,2.53972E+13,,,
4/17/2006,UTIBANK,EQ,319,325.75,340.95,325,335.3,335.25,332.64,1036706,3.44851E+13,,,
4/18/2006,UTIBANK,EQ,335.25,340,355,338.75,353,352.25,349.16,873622,3.05034E+13,,,
4/19/2006,UTIBANK,EQ,352.25,359,370,340.25,346,346.2,353.7,624040,2.20723E+13,,,
4/20/2006,UTIBANK,EQ,346.2,349.1,357.5,346.4,350,348.85,349.82,265675,9.29395E+12,,,
4/21/2006,UTIBANK,EQ,348.85,354.7,355,340,342,344.05,344.25,260427,8.96521E+12,,,
4/24/2006,UTIBANK,EQ,344.05,346.4,348,339.75,342.9,341.75,342.81,199694,6.84566E+12,,,
4/25/2006,UTIBANK,EQ,341.75,338.8,349.6,338.8,348,347.1,345.92,325941,1.12751E+13,,,
4/26/2006,UTIBANK,EQ,347.1,350,359.85,348.45,358,357.05,353.34,360066,1.27224E+13,,,
4/27/2006,UTIBANK,EQ,357.05,360,360.8,340.1,352,348.05,353.37,470252,1.66172E+13,,,
4/28/2006,UTIBANK,EQ,348.05,341,349,290.25,345.6,345.65,341.17,198047,6.75686E+12,,,
4/29/2006,UTIBANK,EQ,345.65,349,354.9,346.05,348,347.85,349.35,35929,1.2552E+12,,,
5/2/2006,UTIBANK,EQ,347.85,350.5,369,350.5,363.9,365.8,361.45,428064,1.54724E+13,,,
5/3/2006,UTIBANK,EQ,365.8,372,374,360.1,369,370.6,368.66,402102,1.48238E+13,,,
5/4/2006,UTIBANK,EQ,370.6,369,375,363.1,370,368,368.82,457205,1.68628E+13,,,
